<?xml version="1.0" encoding="UTF-8"?>
<ExtensionManifest Version="5.0" ExtensionBundleId="com.adobe.PProPanel" ExtensionBundleVersion="11.1"
ExtensionBundleName="Premiere Pro sample panel" 
xmlns:xsi="http://www.w3.org/2001/XMLSchema-instance">
	<ExtensionList>
		<Extension Id="com.adobe.MontageSpotlight" Version="10.3.0" />
		<Extension Id="com.adobe.MontageStoryboard" Version="10.3.0" />
	</ExtensionList>
	<ExecutionEnvironment>
		<HostList>
			<Host Name="PPRO" Version="9.0" />
		</HostList>
		<LocaleList>
			<Locale Code="All" />
		</LocaleList>
		<RequiredRuntimeList>
			<RequiredRuntime Name="CSXS" Version="6.0" />
		</RequiredRuntimeList>
	</ExecutionEnvironment>

	<DispatchInfoList>
		<Extension Id="com.adobe.MontageSpotlight">
			<DispatchInfo >
				<Resources>
					<MainPath>./spotlight.html</MainPath>
					<ScriptPath>./PProPanel.jsx</ScriptPath>
					<CEFCommandLine>
						<Parameter>--allow-file-access</Parameter>
						<Parameter>--allow-file-access-from-files</Parameter>
						<Parameter>--allow-running-insecure-content</Parameter>
					</CEFCommandLine>
				</Resources>
				<Lifecycle>
					<AutoVisible>true</AutoVisible>
				</Lifecycle>
				<UI>
					<Type>Panel</Type>
					<Menu>Montage - Spotlight</Menu>
					<Geometry>
						<Size>
							<Height>600</Height>
							<Width>400</Width>
						</Size>
					</Geometry>
				</UI>
			</DispatchInfo>
		</Extension>
		<Extension Id="com.adobe.MontageStoryboard">
			<DispatchInfo >
				<Resources>
					<MainPath>./storyboard.html</MainPath>
					<ScriptPath>./PProPanel.jsx</ScriptPath>
					<CEFCommandLine>
						<Parameter>--allow-file-access</Parameter>
						<Parameter>--allow-file-access-from-files</Parameter>
						<Parameter>--allow-running-insecure-content</Parameter>
					</CEFCommandLine>
				</Resources>
				<Lifecycle>
					<AutoVisible>true</AutoVisible>
				</Lifecycle>
				<UI>
					<Type>Panel</Type>
					<Menu>Montage - Storyboard</Menu>
					<Geometry>
						<Size>
							<Height>400</Height>
							<Width>600</Width>
						</Size>
					</Geometry>
				</UI>
			</DispatchInfo>
		</Extension>
	</DispatchInfoList>
</ExtensionManifest>
